,Daily Temperature,Daily Humidity,Daily Cumulative UV,Daily Wind,Daily Cumulative Light,Daily GH Temperature,Daily GH Humidity,Daily Ventilation Wind,Daily Pipe Low,Daily Pipe Grow,Daily Humedity Deficit,Daily CO2 emission,pH_Drain,EC_Drain,water
0,18.34825174818181,78.66153845958041,715,5.61888111765036,715,21.497202794881666,72.54615385288282,5.424475523912821,0.0,0.0,5.568951046282908,422.9790210111418,0.0102097902074456,0.0500699300699303,0.661424999759104
1,19.09172413827585,72.79379310462065,725,5.2524137944206934,725,24.52689655290339,59.6117241361506,19.62275862751074,0.0,0.0,9.460413794039917,425.2551723774908,0.0102097902074456,0.0500699300699303,0.661424999759104
2,18.868275861310345,82.8441379353104,725,3.7600000011517265,725,21.557931034182154,78.79655172483162,3.867586204468689,0.0,0.0,4.136827586167591,458.78620687273553,0.0102777777777777,0.0500694444421164,0.406124999974351
3,19.693103448275878,74.9006896516552,725,5.184827587593798,725,23.46896551779633,65.51999999560674,5.687586209116327,0.0,0.0,7.41537931144546,431.1965517319996,0.0102777777777777,0.0500694444421164,0.406124999974351
4,17.918620689172403,79.06896552006899,725,3.9565517245103434,725,21.317931033974073,77.79448276121039,3.435172415319185,0.0,0.0,4.390206895656886,462.60689656767863,0.010746527771957,0.0500694444444447,0.587715789183053
5,19.122068965655156,74.56965517572414,725,4.487586208720687,725,23.002068964684838,65.52896551421236,9.120689655981678,0.0,0.0,7.37213793111772,420.61034481510006,0.010746527771957,0.0500694444444447,0.587715789183053
6,16.853793101862067,84.62758621717242,725,0.7806896558055864,725,21.179999997317797,79.64482759214938,12.648965484268714,5.771034469046981,0.0,4.220965514247018,515.7517241645219,0.0107465277824343,0.0500694444421164,1.28021666649679
7,19.215172414827585,56.18965516655174,725,4.36068965540276,725,26.134482760632356,48.10896550940285,42.42413793038715,0.0,0.0,13.570275865955859,446.29655172783754,0.0107465277824343,0.0500694444421164,1.28021666649679
8,16.506896551172417,82.27103448248279,725,2.346896550427587,725,20.652413792086065,77.44275862006536,1.4786206893083336,2.9372413704775537,0.0,4.18917241364743,515.6137931034483,0.0105208333298408,0.0500000000000002,0.583288235330209
9,19.60689655131036,68.41724137979313,725,6.104827586620681,725,23.431724138601595,62.20827585862376,6.606206894054501,0.0,0.0,8.130551724773802,443.39999997664626,0.0105208333298408,0.0500000000000002,0.583288235330209
10,17.93931034482757,79.78482758662066,725,3.7206896551241377,725,20.67241379296472,80.9441379305489,1.9227586211289842,0.0,0.0,3.430068965572733,521.7310344314267,0.0107118055532272,0.0500000000000002,0.503662499935879
11,20.079310344206892,75.96344827599998,725,7.201379311124132,725,23.174482758875016,69.00758620661907,6.595172415434776,0.0,0.0,6.655931034635368,439.38620686348656,0.0107118055532272,0.0500000000000002,0.503662499935879
12,19.23586206917241,88.84551724248273,725,3.2675862070137924,725,21.231034482689253,85.79103448756806,2.5386206900713733,0.0,0.0,2.681172412757218,487.9379310219967,0.0106250000011641,0.0500694444491013,1.15483999991886
13,20.570344826896548,71.98413793710344,725,2.886896552580692,725,24.75517241340004,63.88965517241378,48.196551734681826,0.0,0.0,8.506482758290034,436.468965446949,0.0106250000011641,0.0500694444491013,1.15483999991886
14,17.617241379448284,88.22827586144831,725,0.224137930322069,725,21.098620688869005,82.2586206909269,12.475862052155469,3.883448247421408,0.0,3.4622758615279006,542.0827586391877,0.0104513888923813,0.050069444446773,1.01215714307196
15,22.349655173586193,72.58620688924135,725,1.8800000002896553,725,25.78137931194028,67.91448274738313,64.12206897455839,0.0,0.0,8.07744827957323,462.75172411110896,0.0104513888923813,0.050069444446773,1.01215714307196
16,19.231724137379306,88.48482758758622,725,1.2386206898097925,725,22.212413792363527,84.72275862196142,12.271034489949715,0.0,0.0,3.2768275858739333,514.3034482797929,0.0104166666608458,0.0500000000000002,1.54545112785963
17,20.752413794896555,73.19655171255175,725,4.536551725076554,725,25.100000001387347,69.14482758296975,37.75724138587717,0.0,0.0,7.6318620699736615,401.53448278775505,0.0104166666608458,0.0500000000000002,1.54545112785963
18,18.068275862413774,89.03172413806891,725,2.1731034483896536,725,20.62068965494119,85.1427586207359,2.296551722681208,2.0889655014024755,0.0,2.719793103339601,473.7586206422541,3.37746527781619,2.91465277837965,1.3776
19,19.20965517282758,81.8606896530345,725,5.74275862178621,725,22.35586206910426,77.61379309910122,3.6510344889323254,1.7613793255363017,0.0,4.634551725111388,521.2758620668845,3.37746527781619,2.91465277837965,1.3776
20,15.76827586337932,76.7413793146207,725,5.085517240926211,725,20.47241379356588,81.25172414100629,1.6337931044887848,20.259310362030714,0.0,3.5439310341752295,543.9448275931436,6.18187499996159,5.08729166671672,3.3292
21,15.595862067793107,62.075862067103465,725,8.115862071944825,725,21.943448277596246,71.9765517108194,2.838620693632245,5.279655168136126,0.0,5.65248276198039,643.5172413783854,6.18187499996159,5.08729166671672,3.3292
22,11.847586206344829,87.51241379075867,725,2.8855172415662036,725,19.908965516339588,83.2027586214527,0.5662068972453992,24.908275869421917,0.0,2.950068964860563,668.3103447824974,6.32407986104476,4.74663194445957,3.0996
23,14.296551724137931,71.82344827213794,725,4.681379314124132,725,21.570344826545707,76.71655172531713,1.472413796803047,8.54344826779232,0.0,4.548758620037601,685.8965515830907,6.32407986104476,4.74663194445957,3.0996
24,12.302758620275863,81.60344827944826,725,1.0910344829214473,725,19.945517241564296,77.96068965875642,1.0827586207821451,25.560689671681867,0.0,3.845103447730171,650.9448276349954,6.38531249997089,4.45243055557184,3.6162
25,16.615172413448278,56.53448276055174,725,5.910344828151722,725,20.96000000157233,73.44344827496032,1.2034482807409133,6.98965517999797,0.0,4.986689656085751,639.9413792277975,6.38531249997089,4.45243055557184,3.6162
26,16.59310344710344,88.29999999993106,725,6.804137929731042,725,20.2296551713964,86.46827586523673,1.2082758612365545,16.451034476284324,0.0,2.444620688730272,545.8137931866893,6.42263888892381,4.16937499999418,5.8548
27,17.439310344965513,68.60413792717243,725,7.451724138489637,725,21.333793104165082,76.970344831887,1.3793103431165203,1.0103448274705944,0.0,4.4117241372073055,625.0931034492007,6.42263888892381,4.16937499999418,5.8548
28,17.446896551931044,79.67448275613798,725,2.5144827584965532,725,21.284827583825276,86.43793103371975,5.276551711906133,18.535862047137886,8.589655166471314,2.742896551220066,439.11724142139326,6.18496376815482,4.32195652176586,3.9606
29,18.612030075037588,60.84586466097745,665,1.769924811775189,665,26.324060152518676,80.7774436265678,4.284210532870069,30.661654135187085,32.23458646588811,4.963609018011259,691.1278196615552,6.18496376815482,4.32195652176586,3.9606
30,14.404137930551723,86.01517241110344,725,0.2068965519972414,725,23.273793102269032,84.45724137639688,4.403448242796905,33.173103450657486,32.23931034496632,3.2529655176298378,690.7310344864583,6.20741935472921,4.36799196774896,2.41504999748543
31,16.866346155096142,81.67788461307697,525,2.472115383896153,525,24.861538462086518,84.25533979752467,3.094230786252481,31.263461537526645,31.956730769359726,3.5931730792152043,754.6000001222959,6.20741935472921,4.36799196774896,2.41504999748543
32,15.302380951904766,74.55714285714288,630,2.459523809214286,630,23.292063490652744,83.6087301610231,2.749999994780009,34.76666666880046,32.04285714101285,3.527539681568816,491.9523809318498,6.41114814813076,4.17559259261618,2.19334999748543
33,16.727586206551727,58.209655171793116,725,3.4420689660000057,725,25.48896551754199,78.09034483634963,3.035172395133254,30.924827585443857,31.968965516732677,5.3334482733070345,628.041379421564,6.41114814813076,4.17559259261618,2.19334999748543
34,12.559558823602934,83.36029411933828,680,0.11838235193382353,680,22.569852940929945,83.73529411661167,2.9411764623295937,32.03014706170787,29.608823533627366,3.348308823724167,670.4191175289726,6.53064516133839,4.29992831533408,7.0602
35,16.939310343999995,55.09379310744831,725,1.5075862077365536,725,24.54068965554238,72.32206896283503,11.362068933284485,30.66965517303809,28.169655173778025,6.4880689659103234,668.2620688954561,6.53064516133839,4.29992831533408,7.0602
36,12.29655172457931,83.42620689572405,725,0.3510344830034482,725,22.92965517044838,79.62068965785463,5.0441379226872645,33.08413792821355,28.39448274877052,4.346896550974968,734.7103449353369,6.31210069438972,4.98998263872009,7.2324
37,17.995862070758612,51.41241378565516,725,1.2344827574013804,725,24.87103448530209,63.13724138132199,21.518620730466363,30.742068964592356,30.05034482844173,8.823793104398616,612.5034483248818,6.31210069438972,4.98998263872009,7.2324
38,12.878620689103446,82.69862069117244,725,0.5724137933172412,725,23.609655173454325,81.18896552764649,3.137241379125367,31.073103451212422,29.35310344878455,4.09172413565347,646.786206883372,6.11545138898435,5.74409722224085,7.5768
39,19.42206896544826,57.12620689248278,725,2.786206896435857,725,25.54413793128883,65.54551722815323,11.383448285249786,30.569655174124858,29.803448274544092,8.332000003075295,539.7172413367649,6.11545138898435,5.74409722224085,7.5768
40,15.595862068689662,87.77172413662068,725,1.153103448084138,725,23.15862068831408,81.41517240872926,3.9441379297858656,35.65172414084446,29.456551724322903,3.746137932014876,606.2275859562487,5.96875000004074,6.15041666660613,7.9212
41,20.020000000068965,79.33862069020688,725,2.879310345468974,725,25.453103450449387,77.81931034926704,8.914482764123836,29.92827585968734,29.05310344859959,5.361448275529107,520.4517242651048,5.96875000004074,6.15041666660613,7.9212
42,18.371724137448265,95.37586206917248,725,1.3331034477620707,725,25.24068965461748,88.42275861978788,5.897241375541379,29.84896551548405,28.874482758851908,2.7111724140358895,507.3931032975172,5.59340277778009,6.32381944450615,5.8548
43,21.010344827999997,86.01241379255171,725,1.611724137772416,725,25.74413793193626,80.00482758213735,21.76620691886489,29.160689655704232,29.297931033835336,4.954275863373078,476.30344823955977,5.59340277778009,6.32381944450615,5.8548
44,17.444137931586198,95.4103448268276,725,1.5255172413890352,725,24.119310344873828,89.85379310120543,1.8075862099949647,29.023448274705956,28.893793099910532,2.2251034487891803,558.4344828388557,5.29916666675398,6.30989583323672,5.166
45,19.20482758551724,82.23448276372419,725,2.2606896553931004,725,24.98551724214236,79.59034483105462,8.975862069497326,28.903793101552225,28.994137931288833,4.8530689649599905,506.2620689856338,5.29916666675398,6.30989583323672,5.166
46,16.969655172275868,94.1062068976552,725,1.4282758617965519,725,24.798620688105967,87.49655172103951,7.8124138519270705,30.251724136890534,28.878620688152203,2.8417931038829796,626.2275861019205,5.09690972219662,6.35638888888539,3.9606
47,16.41034482799999,87.3413793115172,725,2.89586206907931,725,24.422758623001904,82.95517242100735,7.032413771692023,33.160689647195134,29.329655169338505,3.9078620677700844,593.7689655736604,5.09690972219662,6.35638888888539,3.9606
48,14.694482758965512,82.25793103537929,725,3.4234482737979994,725,24.585517241240577,82.10827586757208,4.129655144343089,33.59241379682618,29.035172413099424,4.136206895427971,691.5862067430184,5.11895833328326,6.15538194444678,5.2234
49,15.244137931103458,59.13310344199998,725,8.637241380420688,725,24.98758620650347,71.24965517264506,4.308965522212717,31.122068963158725,29.25999999983814,6.939241378928822,562.3793103309541,5.11895833328326,6.15538194444678,5.2234
50,14.268275862413796,74.97793103475861,725,3.6241379305724193,725,24.45034482832613,82.07241380297666,0.8586206886609064,29.714482758851922,28.912413790698707,4.036827584160556,777.0965520522461,5.05585069446539,6.4009027778127,3.9606
51,16.56137931151725,63.836551723379294,725,5.272413793599984,725,24.739310345243787,73.61034483341311,4.882758610908835,29.890000000092495,29.012758622701316,6.275793101936065,667.9448277677186,5.05585069446539,6.4009027778127,3.9606
52,16.135862068344824,78.49517241234487,725,3.329655170448285,725,25.22827585843874,82.86827585268124,1.4917241411219389,29.388275863386944,28.985517239182677,4.015517242775908,780.1862066995482,5.50034722227461,6.40229166666317,4.4772
53,20.699999999379312,59.806896551999984,725,4.413793104313099,725,25.07241379351965,67.89034482203682,8.104137939612944,29.359310346446165,29.314482759060017,7.783034484303204,596.1655172251935,5.50034722227461,6.40229166666317,4.4772
54,16.973793103310335,83.53517241689654,725,3.5448275847931074,725,25.441379309188715,83.76551724343722,2.4406896609299134,29.007586207636475,28.92000000094802,3.836344826938779,728.8137930479542,5.79395833343461,6.34565972221757,4.8216
55,17.807586208206892,71.87034482282758,725,7.276551724965516,725,24.981379311593447,75.54896552535742,4.635172410185995,29.742758622678178,28.800000001826692,5.852551722258074,646.0551724457023,5.79395833343461,6.34565972221757,4.8216
56,16.748275862620698,84.53999999937932,725,6.810344825882763,725,25.259310344619493,82.54137931892325,2.025517241957373,28.882068965748452,28.992413793357784,4.1026206879140465,834.6137931076104,5.96477430556835,6.21868055558699,4.8216
57,19.646206897379297,76.4779310317931,725,9.500689657131026,725,25.337241379240975,74.14896552158847,6.938620686811113,29.634482755730367,29.306206895950545,6.357448274708254,558.082758603579,5.96477430556835,6.21868055558699,4.8216
58,16.741379311310336,92.8048275844138,725,4.807586207510336,725,25.78137930884185,86.29241379127674,2.2413793062059035,28.87172413668242,28.888275862577668,3.2955172416914658,874.8482754687554,6.14677083339736,6.19538194451197,3.9606
59,14.77172413793103,79.17586207006894,725,1.8172413794572395,725,24.650344827979296,81.27448275875949,4.649655173176842,29.20206896297377,28.896551726103343,4.368551724026946,755.8344829373574,6.14677083339736,6.19538194451197,3.9606
60,13.427586207448282,79.86206896620692,725,0.20413793018620693,725,25.251034482619875,82.6213793210968,5.002068972823949,26.95517243099624,26.435172427712867,4.1071034457647615,842.8413794229513,6.08501736178632,6.00107638956293,4.4772
61,15.992068965655177,59.907241381379336,725,1.8317241391468972,725,24.464827586715593,69.46068965031671,9.03241381520854,31.00206896274252,29.15482758562884,7.193241380570521,653.7241377652463,6.08501736178632,6.00107638956293,4.4772
62,12.43448275793103,80.84827586358622,725,1.1531034486400003,725,24.384827582391676,78.42137930925804,2.9689655078074026,29.564827587316785,28.843448274451596,4.855034481838345,889.179310222741,5.94718750001513,6.34034722213956,4.6494
63,16.48000000158619,61.16620689117241,725,6.308275862986218,725,23.620689656143565,74.06551723541371,4.703448284787348,29.977931035985723,29.002068965008554,5.846758622377595,640.2344825773404,5.94718750001513,6.34034722213956,4.6494
64,15.418620689172409,77.10551724006898,725,3.8462068956620667,725,24.56413792969336,79.82896551916056,7.583448267861691,29.001379307731998,29.011724136659303,4.720137930111894,697.006896461084,5.91302083329027,6.44322916649903,5.5104
65,16.647586208551722,68.02206895944829,725,4.065517242805517,725,24.19172413843972,69.51586206584399,11.954482750851515,29.922758618678,29.31517241159646,7.347862069610638,612.0965516982408,5.91302083329027,6.44322916649903,5.5104
66,14.421379309103457,78.20689655537932,725,1.361379309550344,725,24.055172412336397,81.92206896484667,1.6586206900020104,28.846896548602597,28.897241378362335,3.9792413793334673,890.0068965304515,5.68048611099934,6.62819444439438,4.305
67,19.174827586068968,57.02137931000002,725,3.3220689663606833,725,23.097241380304613,66.50689655035993,16.368275826575942,26.38275859969444,25.689655173731765,7.215068965738059,539.7517242657985,5.68048611099934,6.62819444439438,4.305
68,15.277241378068961,78.58413793400001,725,1.0420689655710342,725,23.20551724077814,82.65655172374487,5.04344829230216,1.650344845598629,1.0344827728178994,3.680344827345734,773.2482760225391,5.6599999999744,6.77861111112508,4.8216
69,21.096551724620685,50.55862069413793,725,2.3048275872027593,725,23.648965517380113,58.0282758426923,59.80896553072181,7.450344827378101,7.530344827632454,9.472000004217549,457.1241378635168,5.6599999999744,6.77861111112508,4.8216
70,17.112413792758623,63.13448276027586,725,2.4875862064003442,725,23.938620688892144,77.74068965718413,3.5682758650286446,1.058620701517012,0.0,4.925724137237362,768.427586107701,5.48071180561724,7.03003472237007,4.6494
71,19.90137931075862,69.04275861413794,725,8.987586209144826,725,23.502758621152104,70.2551724012376,14.762069007276446,1.4775268991055585e-08,0.0,6.846344830508893,493.4896550302105,5.48071180561724,7.03003472237007,4.6494
72,16.717241379172414,81.75103448158622,725,2.5255172413958604,725,24.624137929485286,80.96551724616563,3.526206901638673,1.862068973471379,0.2006896551724138,4.329724136370264,792.0413792881473,5.36180555568128,7.34972222238637,4.4772
73,20.94965517317242,62.41379310282761,725,7.961379310393094,725,23.48620689867899,65.98965516776617,26.90965518452999,0.0,0.0,7.494758622671254,476.95862063392997,5.36180555568128,7.34972222238637,4.4772
74,18.172413793241386,77.78758620786208,725,5.126206895337927,725,23.826206896251133,83.43862069615261,2.599310338052697,0.525517259831055,0.0,3.603999998663522,648.6137930726952,5.43270833313193,7.43348958302134,4.018
75,21.271034481655157,60.735862069655155,725,5.883448276813804,725,24.066551723097422,62.291034484377185,35.09172414408162,0.0,0.0,8.31786206798512,432.6034481808287,5.43270833313193,7.43348958302134,4.018
76,18.324827586896546,65.77103448868964,725,9.806206890668966,725,24.40827586181463,79.72551723296267,2.3627586172906505,0.0,0.0,4.498689656978282,835.3655173821954,5.49829861095163,5.58782986138586,3.6736
77,14.357241378344824,58.339999992758635,725,13.702068963475854,725,22.231724137815434,74.84413792930027,2.227586247684619,0.21310344113101173,0.0,5.292413792918472,662.448276093294,5.49829861095163,5.58782986138586,3.6736
78,13.726896551724138,64.46758620696552,725,7.200000002172422,725,23.84482758491203,81.08275862131397,1.1613793084487831,23.796551731999582,23.706896557851593,4.068413792483767,887.8758621515126,5.68744791649204,4.01850694426749,3.6162
79,11.953793104344818,85.61448275613795,725,4.50275862050346,725,21.57241379516134,81.29103447942897,0.5131034509118264,25.894827593652337,19.82827585254249,3.6562758633060186,895.0448275367249,5.68744791649204,4.01850694426749,3.6162
80,10.304827586358611,94.14551724186208,725,0.49034482765896564,725,23.82965517218259,84.3620689641299,0.0,26.91310345255352,26.024827586993055,3.3576551726103347,1007.5586207631849,5.77913194447355,3.6571527778453,3.0996
81,10.117931035441377,85.82206896193105,725,2.4255172431648258,725,21.57310344839148,80.27103448405344,0.22965517888808973,25.508275882439886,18.6386207008927,3.824482758424146,967.6137931242583,5.77913194447355,3.6571527778453,3.0996
82,10.616551724075867,71.79448276586209,725,2.3551724132004135,725,22.92896551742635,82.78482758710868,1.5551724115733432,25.631724135688145,25.2041379317744,3.570413792809793,818.1655175077505,5.73805555555905,3.33038194458764,3.9606
83,12.740000000848278,57.98689654896554,725,4.0606896561931,725,22.91241379317281,73.05586206940484,4.241379306922696,26.308965533588985,18.84137931644916,5.847655172261185,633.4068963715998,5.73805555555905,3.33038194458764,3.9606
84,9.820689655393105,78.3165517251034,725,0.13034482849137932,725,23.582068966164687,80.2579310373268,5.0000000099657935,27.03310345142052,26.52344827572332,4.25041379278667,902.6551725874433,5.80289930539607,3.22407986113789,3.7884
85,13.696551725862061,58.78827585110343,725,0.39310344735448294,725,22.926206895071896,73.28137931011358,11.364137907264562,26.513103458403524,20.03862069557453,5.740689654235954,660.2551723791095,5.80289930539607,3.22407986113789,3.7884
86,10.53655172315862,75.20551724082759,725,1.2606896553262064,725,23.828965516432095,78.95379310291642,1.6958620704684786,27.13241379324218,26.73448275931437,4.603517241101841,941.2896553721921,5.84315972224783,3.19730902777778,4.1328
87,15.82000000082759,64.71724137482755,725,5.278275862696568,725,22.681034484770272,69.2689655208947,6.50344826235853,22.02241378043233,18.801724143781037,6.691275861816927,537.6551724776112,5.84315972224783,3.19730902777778,4.1328
88,13.706896551241382,80.83931034806898,725,1.320000000653862,725,24.540000000208096,80.00482758692368,4.486206894725047,26.98758620701218,26.69310344379012,4.5262758622169486,882.1241376926416,5.91248263889354,3.26241319453525,4.6494
89,16.754137931517242,55.929999988689666,725,3.1972413791193066,725,22.328620689863268,67.00172414412789,16.320689603470502,25.201379319154498,18.38034483847689,7.299241377259381,507.8379309419928,5.91248263889354,3.26241319453525,4.6494
90,13.35241379282759,79.68275862655167,725,2.406896552088963,725,23.859310344041436,82.22896551472107,1.4944827538343335,26.093103451929213,24.0537931040957,3.8746896553481442,932.7793105395192,5.8155555554112,3.4010069444165,3.444
91,13.099310345268968,57.902758624,725,3.193793104198616,725,21.573103451143037,78.55448275633155,3.0537930998411658,21.927586186548748,17.508275866947816,4.354413794506981,660.0344829320392,5.8155555554112,3.4010069444165,3.444
92,8.510344826531034,79.3027586202759,725,0.08275862046206897,725,22.35793103353473,79.85793103651751,2.373793098870025,14.745517222673215,12.424137918109013,4.057862068100737,919.4000002013967,5.89708333329026,3.35774305549502,4.4772
93,12.789655173682753,52.2910344835862,725,0.7620689652669652,725,21.52344827854429,73.00206897354074,6.148965527160924,25.98344827348045,17.64344828141147,5.549172412810396,616.8620690027444,5.89708333329026,3.35774305549502,4.4772
94,8.770344826006895,78.39241379606891,725,0.4999999988413793,725,23.05241379229416,79.86000000171109,2.3386207022338064,26.235172404844715,23.35793103427465,4.197999999482054,957.0965516408971,5.79821180549037,3.28782986110878,4.305
95,13.773793104689661,63.25241379655173,725,4.161379309448282,725,22.70551724241983,77.12689654908822,4.924827588819742,21.646206890747987,19.931034483105467,5.008827587416204,607.7862067735401,5.79821180549037,3.28782986110878,4.305
96,10.380000001324133,77.51241378503445,725,3.1641379275593793,725,23.273103445848005,82.94620690619382,0.4551724085442979,26.064137925831922,23.61034482125063,3.593724134827997,984.8758622190305,5.72093749996159,3.37781250001281,4.1328
97,10.567586206068965,65.46068964793105,725,5.633793104151728,725,21.871724137283614,78.00344827650953,1.6662069016386685,21.055862074676778,18.415862081336055,4.576965516510706,771.5448276245902,5.72093749996159,3.37781250001281,4.1328
98,10.429655172020691,84.79517240862072,725,4.622758622600001,725,22.880689654571235,82.8793103476254,0.0,25.983448284417392,22.94965517898058,3.5037241372281103,1022.3241380087261,5.79765625019208,3.31592013897969,3.6162
99,14.340000000137927,73.79724138800005,725,5.579655171972429,725,21.83172413931839,82.13241379569321,3.671724137977279,19.450344832326326,17.476551729340493,3.63855172406394,716.2758622044634,5.79765625019208,3.31592013897969,3.6162
100,12.856551723793114,67.76000000206896,725,3.361379311068967,725,24.12758620567105,81.33862069224489,1.8296551674424584,26.260000000948015,24.604137920513736,4.113517240646325,910.6551722558664,5.81263888891567,3.13451388889005,4.4772
101,13.673103450068963,67.76758619931034,725,4.137931036621438,725,23.174482760285507,73.28275859863076,10.080000027931963,20.806206887973286,19.748275861907114,5.953586212695672,503.08965530074363,5.81263888891567,3.13451388889005,4.4772
102,14.429655172482759,85.05103448475863,725,2.7041379297310346,725,24.502068965332267,82.68137931633356,2.199310343995177,26.48551724248918,26.003448275284,3.8832413779738664,882.551724011451,5.81774305548921,2.98282986114487,3.2718
103,16.09793103503448,77.47793103503447,725,3.245517242956621,725,22.194482760031168,81.97103448636575,14.215517263715643,22.975172406301404,21.60551724593444,3.8248275854623555,590.3103448104756,5.81774305548921,2.98282986114487,3.2718
104,12.628965516965518,84.30896551979313,725,0.47862068887765524,725,24.29103448194932,81.67724137759927,2.2889655305830585,25.461379308888098,25.48896551596964,4.094068965924197,916.3310345877345,6.06355902775915,2.81802083334032,3.9606
105,17.57172413827586,62.305517238827576,725,1.4565517242841384,725,22.411034483475426,74.0020689637137,17.926206881036507,22.683448276995065,20.02482759668138,5.630689655271844,545.4000001186184,6.06355902775915,2.81802083334032,3.9606
106,11.94344827648276,87.19379310717237,725,0.4862068965055173,725,24.28551724114809,81.30344828111087,2.796551715698224,26.13931034820347,25.782758622238863,4.162551722773705,918.9655171375593,6.0549305554927,2.75496527781037,3.9606
107,16.65655172434483,77.05310344282756,725,3.084827587896551,725,22.617931034344025,77.80137930319997,9.742758626470275,23.329655177940058,21.53103448902482,4.927034484245393,491.4793104553531,6.0549305554927,2.75496527781037,3.9606
108,10.906896551710341,80.37103448351728,725,3.7255172409517243,725,23.48551724119433,83.8813793071077,1.699310340156844,25.454482754319905,23.302758613752907,3.4688275870000007,868.7931032267622,5.96927083331471,2.7809374999872,3.444
109,12.108965515841387,65.72206896931037,725,1.566896551790346,725,21.591724137422354,77.99724137697494,3.2489655198773444,22.612413789265112,17.666896536787004,4.520620689874837,686.3206894170107,5.96927083331471,2.7809374999872,3.444
110,9.566896550765513,86.09379310420692,725,0.8537931033048273,725,23.381379309188706,82.62344827267117,1.2786206857474713,26.062758630077376,22.858620687527896,3.677034483241883,946.1241380915047,5.91104166666317,2.80493055555555,3.2718
111,13.70068965531035,72.5579310311035,725,3.724137931582066,725,21.653793104026345,79.00758620539361,4.366896557874725,20.951724148844853,17.675172396983054,4.3840000004948205,611.0965517259878,5.91104166666317,2.80493055555555,3.2718
112,11.375172413379305,88.89172413882758,725,0.7075862067572412,725,23.580689654316874,84.03793103168498,1.3744827650718647,25.673793105806773,23.595172419596846,3.445034483214133,925.4206898329844,6.20111111111809,2.67562500003376,4.1328
113,15.929655172482766,62.7110344771724,725,1.3889655176579294,725,22.0268965529265,74.4537931005349,11.720000014705903,23.261379315963595,18.907586208122048,5.4213793112928546,538.2068964437422,6.20111111111809,2.67562500003376,4.1328
114,10.931034481965515,86.10137931255173,725,0.6448275864413793,725,23.74827586112096,82.63310344878448,1.205517240315675,26.33034482515835,23.606206896019916,3.774551723712477,929.3103450331452,6.22572916673535,2.66708333342181,4.1328
115,19.27103448275863,58.37655172958621,725,3.851724137973097,725,22.40068965496431,72.26068964765761,13.878620686186807,22.633103469224825,20.041379321166154,5.83758620808505,522.8965515837845,6.22572916673535,2.66708333342181,4.1328
116,15.138620689586201,78.33517241434483,725,2.6241379309448316,725,23.704827585443855,83.3034482728561,1.6875862087694746,23.323448271607536,23.426896545735413,3.5852413798144145,859.4137930144266,6.17055555562076,2.69574652778709,3.9606
117,20.482758621862068,63.02965516875865,725,3.2503448274758555,725,23.088965520131694,75.41310343800949,42.28000004199045,26.198620688984615,26.307586207243382,5.358000003149282,487.47586198133126,6.17055555562076,2.69574652778709,3.9606
118,16.397241380413792,81.55034482248271,725,4.081379309855165,725,23.9558620683181,84.21172413554937,2.2703448252277134,26.70068965392381,26.78896551518347,3.4891034486435086,793.5172415894938,6.10444444450264,2.73673611114138,3.9606
119,20.8310344824138,64.82827586303446,725,4.078620688924133,725,23.16620689791595,69.9710344849321,43.7317241246356,26.20551724211923,26.357241379495314,6.385310344890015,483.97931032748573,6.10444444450264,2.73673611114138,3.9606
120,18.631034482827594,75.78758620717244,725,2.782758620317236,725,24.22275861932541,81.94827585654266,4.863448300302538,26.611034480192014,26.781379306830203,4.019586207786769,640.1724140714983,6.0357638889308,2.75302083334963,4.305
121,22.64137931006897,62.09103448096552,725,2.6565517248234434,725,23.081724138624704,70.65655172066957,63.09103449244694,24.68551725250122,24.32103449341809,6.3785517250073385,435.43448276925704,6.0357638889308,2.75302083334963,4.305
122,16.458620688551726,76.03517241213795,725,1.1758620697034483,725,24.09103448201871,82.57517241557358,3.7565517145883414,24.563448262635998,24.687586195150338,3.9082758610330797,772.2344829193219,5.99390625013853,2.8464236111146,4.305
123,20.832413792551723,56.63586206896552,725,2.4227586203586227,725,22.373103449015783,69.05931034323213,31.75862065846295,20.45379309907812,20.272413788779552,6.4165517246558785,471.60689656282295,5.99390625013853,2.8464236111146,4.305
124,15.368965516758616,71.34965517282758,725,0.8620689653958621,725,23.894482758643814,82.75379309732081,3.2193103757192283,25.276551721039525,24.340689642177566,3.8224827603340676,842.531034142858,5.88045138894127,2.99190972225016,4.1328
125,19.400689655586213,69.0882758555862,725,2.66344827633103,725,22.324137933577962,75.96482757420631,26.730344814545166,23.700689660583073,21.00896552887199,5.194000003473001,473.6827585601088,5.88045138894127,2.99190972225016,4.1328
126,14.538620689655168,89.8475862117931,725,0.1303448274462069,725,24.120000000670558,83.1227586219614,4.553793103286417,25.734482757765136,25.65241379430581,3.730275862068966,928.6206894403647,5.86942708326348,2.95387152777196,3.2718
127,20.63931034531035,54.093103444620674,725,1.0634482763103443,725,22.273103451605508,74.48068962395705,38.11586199249945,20.22206897946011,19.08482758620689,5.43979311141397,493.2896551784256,5.86942708326348,2.95387152777196,3.2718
128,15.053793103172415,85.12482758475868,725,0.7351724131718623,725,24.080689654201247,84.12275861992659,5.623448280810286,25.984137924768284,25.91999999556048,3.5063448277827476,892.8413793482655,5.69809027785461,2.93187499999535,3.0996
129,15.447586207724127,77.23999999868967,725,2.051724138528275,725,21.694482758759428,78.49517241210513,9.218620690464462,19.68965514563795,17.072413793750876,4.47006896618086,521.1379309459236,5.69809027785461,2.93187499999535,3.0996
130,12.777241379034482,86.54000000006901,725,1.4662068958344818,725,24.328965516108394,82.84758620724341,2.125517245471993,26.31586205548511,26.287586195820882,3.8547586200815336,889.1655174850904,5.8201470589172,2.91952205889379,
131,13.700775194806203,68.19534883573645,645,2.2418604650891467,640,21.546511630869876,78.05813953805458,3.899224796065305,20.752713164441687,18.105426357576782,4.539069767304111,638.6796877014276,5.8201470589172,2.91952205889379,
132,8.551492536634333,85.08507462835824,670,0.553731343162687,670,23.387313432105216,83.45820895384172,1.4589552152985301,19.81492536244953,19.595522375474346,3.5526119403716683,942.776119340703,5.75068592062607,2.9412635378918,3.2718
133,12.265517242441373,71.11999999565518,725,0.6993103462131034,725,22.577931032725445,76.64620690156929,7.245517234211339,23.7593103340525,18.115862063716705,5.1341379291060685,574.2689657107767,5.75068592062607,2.9412635378918,3.2718
134,8.43931034363448,87.44482759,725,0.1655172411937931,725,23.435172412683226,83.95241379236353,1.3800000008786528,26.359999998427668,26.203448275862073,3.398413792883785,955.6551725400419,5.46432291665386,2.88472222223503,2.0664
135,12.986206897034483,73.81172413158622,725,1.4848275863751723,725,22.35827586239268,79.48448275610035,8.357241388258739,23.47724137507892,17.96827586493615,4.3205172420984255,599.0793101871323,5.46432291665386,2.88472222223503,2.0664
136,11.773103447724141,79.01379310662068,725,0.7213793099275855,725,24.129655171881986,84.87310345024122,0.8482758706705298,28.239310341636678,28.442758623048157,3.3319999994381226,981.303448403036,5.93548611107386,2.69701388890985,3.6162
137,14.336551724137928,65.59862068627581,725,1.782068966034481,725,22.053793104211312,78.88620689914144,4.893103460507667,20.631034499314325,18.586206905153297,4.460482758259983,616.5931033537049,5.93548611107386,2.69701388890985,3.6162
138,12.975172413241388,86.7806896608276,725,2.546206894375173,725,24.411724137468603,84.39103447919777,2.449655178633743,29.188965514235445,29.174482757372076,3.5010344833991147,907.5310343946617,6.1658159721582,2.58046874999418,3.444
139,11.586206897855167,62.67379309889658,725,2.6089655160413763,725,21.48999999946819,79.2279310355695,2.376551718287944,23.02241378993566,15.709655172506274,4.289103447908214,728.4413794106964,6.1658159721582,2.58046874999418,3.444
140,11.046206895910345,74.04827586351722,725,7.79724137749655,725,23.553793103078316,83.0965517206002,0.12758621288527555,25.984827584935164,26.09586206986731,3.5987586215451866,1051.751724042898,6.23458333334965,2.57003472225482,2.7552
141,13.95103448255173,75.3048275857241,725,9.554482759089653,725,22.64206896533226,81.18551723626933,2.4551724230883476,22.795172421677872,19.317241380327733,3.9609655183119528,723.6620689343019,6.23458333334965,2.57003472225482,2.7552
142,14.386206896551725,86.28965517420686,725,7.859310344303433,725,24.742758621105853,85.47448275963811,1.0599999998612648,29.1627586228863,29.173103446495432,3.3071034481255657,926.2965517692268,6.27232638870669,2.46402777781328,3.0996
143,13.824827587103446,88.33862068406893,725,4.281379312082765,725,23.32275862186891,82.16206896681207,2.992413799161543,27.99448275878255,27.90275862214638,3.9744137930941976,720.889655187906,6.27232638870669,2.46402777781328,3.0996
144,12.797931034482755,76.96758621337933,725,4.395862069255167,725,24.246896551377297,85.91862069215242,0.8751724072494395,28.422758618377408,28.55034482749372,3.1099310338700135,955.2689657792195,6.42500000003144,2.3377083333473,3.0996
145,11.962758621586218,86.68344827255179,725,3.8965517239793184,725,22.027586207937055,85.32413792874539,1.9324137931265712,28.564827584703927,27.449655170910834,2.9836551730496628,694.8620689840153,6.42500000003144,2.3377083333473,3.0996
146,11.24827586206897,86.44344827862072,725,4.237241378579313,725,23.327586206711583,85.18275862348752,0.15724137732181076,27.108275863710652,27.09241379386649,3.0966206890308663,982.448275942073,6.49093750003027,2.19647569443862,2.4108
147,9.36413793163448,76.35862068448272,725,6.374482754737933,725,21.26068965549614,82.75241379259477,0.35931034131296774,25.00068964661709,16.00965519375585,3.300689655251029,860.9137930384742,6.49093750003027,2.19647569443862,2.4108
148,7.221379310372413,81.20206896475862,725,2.244137935041376,725,22.89241379335779,82.83379310488189,0.0,28.51655172869305,25.77862068977078,3.5041379307685756,1054.4482758475017,6.44302083354521,2.18826388891567,3.444
149,7.74344827616552,78.20482758703449,725,1.556551723797931,725,22.41172413855533,80.05655171764056,3.4917241277108917,28.924137902408827,17.245517241703027,4.258482760042722,742.075862048618,6.44302083354521,2.18826388891567,3.444
150,3.7637150125801533,79.23531807335875,655,2.4743002543061055,655,23.05801526574232,81.57251908215235,0.08091603483407499,26.677099239917197,25.756488548594582,3.8529007632128955,1026.137405010637,6.41963503641927,2.18410583945093,3.2718
151,5.1551724135862065,63.864827584551705,725,4.160000000351729,725,22.15034482562079,75.04827585693579,0.29448276726850026,32.675172423967005,24.03379314964701,5.200482758974469,906.3517241520358,6.41963503641927,2.18410583945093,3.2718
152,2.9310344825172416,82.87793103455174,725,2.891724138586207,725,21.430344827262488,81.36827585684327,0.6206896565597634,32.01310343086461,20.15517238482063,3.498896552637478,821.4965515127982,6.38940972230605,2.22215277780572,3.444
153,5.264137931193101,79.98068965517244,725,4.175172413310343,725,19.849655172460043,82.34206896133202,0.7075861843983657,27.402068957054404,16.76275861063137,3.0777241385275955,842.7034482138941,6.38940972230605,2.22215277780572,3.444
154,4.5103448271103455,90.63862069068968,725,3.1551724144248325,725,22.966206896944815,85.2482758627395,0.0620689651010365,30.043448269249026,27.798620688961506,3.0213103447859653,1010.5172411564093,6.53715277784529,2.15859375001455,2.4108
155,6.753103447455171,85.82344827806897,725,7.350344825263451,725,20.397241380235247,82.14344827271744,0.0,33.44896554265299,19.533793121900025,3.2460000006243077,889.0896551409674,6.53715277784529,2.15859375001455,2.4108
156,7.524137930827587,82.08413793510347,725,3.9758620736068924,725,22.841379308864983,83.74275862279379,0.6572413782929561,26.712413789403854,26.626896554845686,3.4079310336572877,972.0413793676886,6.59399305559512,2.11571180555614,2.583
157,9.553103447979309,73.12620689117244,725,2.901379309965511,725,21.060689657322808,79.17310344457628,3.3379310474082367,27.16482754419334,15.439999976923753,4.1378620704014235,679.5517242082233,6.59399305559512,2.11571180555614,2.583
158,9.427586206179312,76.53103448434481,725,2.984827585993096,725,23.196551722750588,84.39517241235951,1.1924137919704458,29.79793103547703,28.19793102877151,3.2733793106222957,833.6413792025941,6.65236111116118,2.06164930558058,2.9274
159,10.911724137744834,84.7468965455862,725,3.2351724135448268,725,21.92827586320198,83.53724137466276,0.6655172386739793,24.56827584370971,22.013103444876872,3.320137932266912,861.3655171468083,6.65236111116118,2.06164930558058,2.9274
160,9.42206896486896,79.05310344993106,725,4.686896551558619,725,24.33724137903287,81.86068965075603,1.3896551807610131,28.100689654201283,28.194482758736292,4.141793104863372,976.3517241076407,6.65666666670742,2.06100694440952,3.0996
161,7.786206898551722,70.42896551310339,725,3.2648275883503435,725,22.36206896665024,79.47931034554439,2.2220689733095256,24.682758609429005,17.071724142301186,4.429241378982007,803.1724137531015,6.65666666670742,2.06100694440952,3.0996
162,5.224137929834485,86.74413793599999,725,0.20137930983448277,725,23.668275861560275,82.67448276225095,1.029655166633171,29.95172414449783,27.534482758343216,3.7910344817689787,984.8000002709956,6.65197916657005,2.08828124997264,3.0996
163,7.469655174400001,75.52275861358615,725,1.8613793115296535,725,20.60482758653062,82.83586206716194,0.9206896602824844,22.59793103420528,12.916551736670321,3.250758621501253,816.5793102199664,6.65197916657005,2.08828124997264,3.0996
164,3.316551723668964,85.99655172475859,725,1.0675862065379313,725,23.144137931450693,81.97586207661905,0.43103448601889505,28.618620689724537,26.224827585513218,3.790896550188805,1022.296551865879,6.69312499997208,1.99989583341832,2.9274
165,8.483448275731037,83.82068965620691,725,1.8089655165593093,725,20.531724138023527,82.50827586479743,1.8889655234150853,22.898620682579686,16.23999999162966,3.318965516878357,771.979309879372,6.69312499997208,1.99989583341832,2.9274
166,7.224137929510347,92.38482758751731,725,2.067586206253795,725,23.531724136543687,83.23862069212927,0.43862068135419735,27.113103446148582,27.207586203335694,3.61496551620318,1018.6344828788576,6.65923611110994,2.01253472219778,2.9274
167,9.284137932089656,90.27517241110343,725,2.398620690579315,725,22.148965516732666,81.18137930988242,1.2096551721131994,27.50620687837745,22.354482747591266,3.9588275862762656,835.5689653587369,6.65923611110994,2.01253472219778,2.9274
168,8.851034481186206,90.95517241820691,725,0.7793103445565512,725,23.637241378408568,82.2800000101739,1.2365517189816135,26.760689654386244,26.815172412821966,3.836137928555751,971.0137933131697,6.65090277779757,2.01972222224201,2.9274
169,14.539310344689651,73.32896551572416,725,2.7062068970620707,725,21.697931035384535,79.91448275376499,3.9468965624067316,20.05655170575556,17.946896565759488,4.05468965686498,682.3931032790192,6.65090277779757,2.01972222224201,2.9274
170,11.290344827924134,76.43241379317242,725,3.2393103436965505,725,23.340000000439332,82.43172414144566,1.1131034505881099,26.29241379051373,26.444827587709845,3.687241378635168,977.7862069832613,6.63890625005414,2.02449652781212,2.583
171,11.613793102965516,81.37793103248275,725,4.317931034199992,725,21.08103448258521,83.14896551395796,0.6958620676706577,24.47034481183979,19.98931033489647,3.1548965523946904,777.6241380384383,6.63890625005414,2.02449652781212,2.583
172,10.391034482675861,82.3144827622069,725,4.512413794068968,725,23.586206895765564,81.43034483528598,1.722068964314872,26.36965517382427,26.508275860057307,4.025448273954463,953.2689657868497,6.67371527784414,1.95293402780164,2.9274
173,9.880000000931037,73.14482758531037,725,1.3413793103483451,725,21.560689656143552,77.25206896737862,3.3537930778979232,24.45862070096207,17.628275876335536,4.6453793105228725,690.9344828503015,6.67371527784414,1.95293402780164,2.9274
174,7.252413792793099,85.61448275862074,725,1.583448276618966,725,22.90758620638786,83.07172413797728,0.39379310268523277,26.033793101852826,26.135862069058017,3.4755172412359494,1020.0758622495522,6.75048611110646,1.87859375003318,2.583
175,10.463448276048274,81.40413792951726,725,2.93310344882759,725,21.59586206901178,81.01448275732581,1.7486206785679363,21.662758640459387,18.45620692280731,3.7746206898100936,757.1034480582795,6.75048611110646,1.87859375003318,2.583
176,11.991034482965523,83.27793103165519,725,5.604137930648282,725,23.148965517056386,83.24068966095305,0.3255172378646924,26.30482759016085,26.387586207937076,3.475310343509603,1004.5034483891623,6.74682291666144,1.86345486113847,2.4108
177,11.48000000086896,89.81034482406899,725,3.090344828462069,725,21.488965517981292,84.49310344980195,0.9268965592620688,28.701379315269914,23.808965516108387,3.020206896484669,832.4068965406256,6.74682291666144,1.86345486113847,2.4108
178,11.46758620620689,86.11931034889655,725,4.6234482755034465,725,23.214482759175624,84.14068965630543,0.21793103304916434,26.544137933069255,26.517931034459625,3.2949655170587127,1008.6344828046347,6.80541666671207,1.73567708341075,2.9274
179,11.795862069620682,80.70413792841377,725,4.3206896552137986,725,21.569999999641592,82.56448275493265,2.0386206884296807,21.156896543827795,18.487586206873427,3.4197586215347813,743.3689652567667,6.80541666671207,1.73567708341075,2.9274
180,10.162068965365517,95.63172413834484,725,0.7951724135337931,725,22.931724137931027,84.10206896762142,0.10344827627827342,25.866206901476797,25.96551724075501,3.2469655167904903,1033.1379310828086,6.78258680557361,1.69781249990454,2.7552
181,10.762758621758621,87.19310344841382,725,2.86827586126896,725,21.82724137846637,83.30137931043731,2.0951724116427104,22.314827575512755,20.133448273515132,3.2953793101737188,782.2655170116574,6.78258680557361,1.69781249990454,2.7552
182,9.93172413756552,86.24758620648274,725,5.924827584793103,725,23.13931034424953,81.90827586470489,0.27310344846084356,26.560689653368854,26.388965516871426,3.787379309676587,1006.1655171516641,6.78666666661545,1.68473958329084,2.7552
183,10.848965516958625,83.29103448255175,725,5.633793105800001,725,20.66620689724541,82.582413792167,1.408275865329236,22.88620688404246,15.285517233170824,3.2763793108384913,728.7344825767622,6.78666666661545,1.68473958329084,2.7552
184,8.85310344828276,87.98689655275864,725,2.198620689731726,725,23.219999999606905,81.59241379735798,0.7434482776887483,26.209655170448368,26.270344830268428,3.8834482748192434,991.91034477348,6.68883680537335,1.72114583332984,3.444
185,9.708275863082752,81.99034482393103,725,1.8655172421248263,725,21.38000000009249,76.93551723986477,3.3151724220478425,24.853448289747117,16.548965524085638,4.628068966088366,684.9758620152057,6.68883680537335,1.72114583332984,3.444
186,5.47999999886207,90.41931034627585,725,1.364827586063448,725,22.90758620694279,81.27379310529803,0.7351724159897414,26.324137927126777,25.751724138578464,3.897793102995075,1007.8482761235844,6.63336805554507,1.68619791672662,3.0996
187,9.2193103453931,81.25586206455175,725,2.3151724143068977,725,21.296896552198156,76.24896551321807,3.147586233441179,24.071379338658318,16.432413823185808,4.73337931163738,717.5241378769279,6.63336805554507,1.68619791672662,3.0996
188,1.9958620694413804,93.71655172406898,725,1.6324137911034473,725,22.17034482760933,81.37241379469893,0.0,28.057931037118735,25.760689656929717,3.6443448272971763,1039.0689653724949,6.66026041671497,1.65161458339096,2.7552
189,3.6820689654965486,92.95103448386209,725,1.1662068966289647,725,19.589310344492315,82.12103448475874,1.0179310319855293,26.52344828869506,15.863103472473556,3.075931034105861,876.796551766799,6.66026041671497,1.65161458339096,2.7552
190,3.7489655163517237,81.42482759055173,725,2.8186206886765524,725,22.764137929647138,79.96827586815017,0.24896551911430082,28.055862057936082,25.874482757002124,4.1328275845860105,1003.35172409238,6.71234375017288,1.58446180553169,2.7552
191,5.271724139172415,74.4420689623448,725,3.375172414820696,725,20.893103448645817,76.88275861796122,0.900689661947304,26.164137929993974,16.399310350261374,4.4802068970904765,796.5310343861069,6.71234375017288,1.58446180553169,2.7552
192,0.7213793096696554,79.47655172662068,725,1.815862069432414,725,22.206896551839748,78.94827586387254,0.18137930928119345,28.69241378401632,25.625517236824184,4.2035862063462375,1026.9655177389752,6.74303819435656,1.60947916668296,2.7552
193,3.805517241668966,61.96689654937929,725,4.065517241613805,725,20.401379310737923,78.12620689384639,0.4379310321473861,28.23241381990241,16.170344841482827,4.054241379903438,852.9965516881825,6.74303819435656,1.60947916668296,2.7552
194,4.557931033731032,84.31586207165519,725,4.6062068959310345,725,22.260689655796718,82.72275862501357,0.0,28.36896552408564,25.765517244963306,3.4011034475498167,1035.420689504645,6.79732638890286,1.54909722218031,2.4108
195,4.654482758889655,76.46000000275863,725,6.012413794875863,725,19.784137931196327,80.83172413809291,0.36482759386044167,28.6531034351423,14.911034477347958,3.344137931217151,827.296551932703,6.79732638890286,1.54909722218031,2.4108
196,3.1986206892137927,70.37586207117243,725,6.811034484682764,725,22.071034483544786,81.99379310617677,0.0,27.744827580657486,26.40827585693577,3.5030344823794124,1027.6896552732278,6.71835069452301,1.56874999987776,3.0996
197,3.424137931351721,71.08758620399999,725,7.862758622082757,725,19.27379310240776,79.3482758580919,0.3172413859927448,31.10999998592997,15.124482765360906,3.531931034875843,832.6344825042729,6.71835069452301,1.56874999987776,3.0996
198,2.637931034462069,82.4579310342758,725,4.434482759227595,725,22.231724137815423,81.32275861888608,0.0,28.596551713825313,25.937931031916165,3.677517241686838,1031.4206898762236,6.68651041651474,1.63947916661079,3.444
199,4.0779310346,77.89931034496556,725,2.373103447884135,725,20.562413792999394,80.60172413699458,1.391724145515211,27.394482750342835,18.93586208376391,3.5774827586495914,890.2482756493421,6.68651041651474,1.63947916661079,3.444
200,2.9855172410896564,82.29448275889654,725,2.7448275843517247,725,22.38206896486981,81.51931034711673,0.0,29.083448279538537,26.639310350955043,3.6694482753025044,1045.151724006364,6.76128472220244,1.57505208333741,2.9274
201,3.8882758622275864,80.7282758593793,725,2.507586208044828,725,20.78517241318035,82.36241379355434,0.4124137977048238,22.36931032784412,18.983793110720292,3.2946206895719308,951.8137929295672,6.76128472220244,1.57505208333741,2.9274
202,1.5979310342275859,88.20068965744821,725,1.7399999993179311,725,22.479999999653167,81.86482758854228,0.0,27.917241384512902,26.170344833783034,3.623724137378406,1035.7517241992055,6.73286458311738,1.56348958327454,3.2718
203,4.597931035496553,84.47517240896546,725,2.1820689657862045,725,20.850000000219662,83.39034482740121,0.23310344843771952,24.48551723120541,22.597586209359093,3.1332068966153104,1002.8758620814518,6.73286458311738,1.56348958327454,3.2718
204,1.798620689489655,92.56620689896556,725,3.367586205834483,725,22.40482758616066,81.35793103670252,0.0,29.662068955135254,27.425517231598498,3.7153103443697617,1019.6206894197857,6.71458333336941,1.54230902775275,3.0996
205,2.926896551793105,88.22758620917244,725,2.465517241830414,725,20.94068965413189,82.6448275884498,0.2951724152266975,28.97000002334216,20.932413790559977,3.262482758081935,990.724138295214,6.71458333336941,1.54230902775275,3.0996
206,2.2510344824896538,89.84275862158623,725,1.7020689657586208,725,22.637241379518453,83.02758620930129,0.0,28.380689639634102,25.75793103545389,3.405517240937671,1045.8000000843972,6.67059479561658,1.52894052035532,3.2718
207,3.8365079361984153,88.95555555539688,630,3.7865079356825397,630,21.749999998956316,81.86825397451013,0.15555555472771326,33.431746035391505,22.181349180924098,3.505952380097929,989.9801584150613,6.67059479561658,1.52894052035532,3.2718
208,4.821379309875864,90.29241379220689,725,3.113793103289658,725,22.7965517242073,83.16896551906811,0.0,28.40965517405548,25.79379310127475,3.409724137422341,1051.606896484669,6.67456597217739,1.55440972223154,3.2718
209,4.879310345213794,84.53172413896556,725,2.6206896554068924,725,21.871034482527403,84.69586206850308,0.0813793106685424,29.268965518281878,25.471724138000397,2.9869655171581386,1028.7862065147995,6.67456597217739,1.55440972223154,3.2718
210,3.3289655171103445,85.28965517310341,725,0.9820689652952412,725,23.211034482619883,83.44137931226405,0.0,27.755862063878567,26.242068965725338,3.434620689241281,1057.3793103640191,6.67322916656771,1.59461805555788,3.2718
211,3.4013793107517274,83.44137930544827,725,3.0137931024069027,725,21.419999999468207,82.94758619942797,0.17724137947220162,26.940689677994317,18.219310360412155,3.222137932239164,1000.0620690841358,6.67322916656771,1.59461805555788,3.2718
212,4.842758620144831,91.6668965520001,725,4.536551723951721,725,23.0131034487152,83.29517241566606,0.0,28.17586206177441,26.122758620481548,3.4293793101367243,1040.3999995340819,6.57928819448694,1.60159722222222,4.305
213,8.488965517020688,93.31655172420695,725,5.055862069772418,725,22.83379310282398,83.74965517259879,0.0,33.853793108604606,26.21310344903891,3.29075862051855,1040.717241345089,6.57928819448694,1.60159722222222,4.305
214,10.421379310482754,89.88000000075867,725,4.954482757944827,725,23.719310345498144,84.59793103300291,0.0,27.453793106847293,26.7406896558661,3.2932413797612328,1016.1655172564091,6.65093750004074,1.56510416660962,3.444
215,11.513793103172407,74.61586207137937,725,5.951034483420698,725,23.26413793054892,83.42413792960087,3.204827591594432,30.99931034344024,27.136551720553946,3.446344827826681,960.151724226722,6.65093750004074,1.56510416660962,3.444
216,10.463448276055166,80.96000000089658,725,5.971724139048272,725,24.32965517178949,83.89379310952948,0.04551723985322593,27.304137930202078,27.21379310354077,3.5804827572287166,1070.924137955313,6.66012152767009,1.59569444438856,3.9606
217,9.557931034800003,80.18689655075865,725,5.67379310431034,725,24.339310344041422,83.77724138250129,0.3289655167326849,29.642758622446955,28.86275862170705,3.6295172407295704,993.7517242188597,6.66012152767009,1.59569444438856,3.9606
218,6.9393103449379305,89.02344827524136,725,3.0889655174965496,725,23.8310344823193,83.50551723892832,0.0,27.861379312356483,26.761379312610835,3.5464137936468276,1048.6413791602802,6.64899305555556,1.68843750010361,3.6162
219,8.61724137914482,91.41724137793106,725,5.5917241357999945,725,23.67655172503971,84.23517240907611,0.0,31.499310337775224,27.39310344848396,3.3566896563007913,1036.993103336363,6.64899305555556,1.68843750010361,3.6162
220,11.431034482137926,96.06827586372412,725,6.251034480386202,725,23.9248275859988,85.5434482793073,0.0,27.764827586576835,27.91793103406657,3.1257241370801268,1022.5172413293653,6.51015624981315,1.85708333327396,3.7884
221,12.582758620965512,91.42482758310342,725,8.222068964096552,725,25.00965517183571,86.89724137815423,0.6613793113159722,29.791379313824773,29.801724133387463,3.0155862070977184,971.7689654787424,6.51015624981315,1.85708333327396,3.7884
222,12.009655172137931,88.551034488,725,8.34827586468966,725,24.404827586715584,84.38965517246004,0.14068965577359863,28.356551720785163,27.99862068960893,3.4703448274752193,1003.8896553867593,6.36059027798035,1.98597222234446,4.1328
223,11.073793104068965,87.70344827593107,725,7.632413795275871,725,25.03862068974766,85.43310344723535,0.18551724068563574,28.72206896739016,28.88758621200664,3.349931034771789,1023.5999995539669,6.36059027798035,1.98597222234446,4.1328
224,6.955862069579309,80.38620689937935,725,1.9096551743448968,725,23.79586206854931,83.86206896521665,0.6282758619764746,29.74275861278175,26.8075862056942,3.4838620688314044,1021.041379131377,6.16321180549444,2.15260416668762,4.018
225,7.166206897234478,74.6572413735862,725,0.32689655271310347,725,24.542758621128982,84.84206896690458,0.6234482841167973,28.317586204688357,28.44965517111894,3.43158620670001,1003.7758620249172,6.16321180549444,2.15260416668762,4.018
226,4.712413793103447,87.65241379344829,725,1.17448275880138,725,23.711034482874243,86.14413793182065,0.0,32.66275862462049,29.189655172275067,2.9528965516385846,1035.103448231467,5.99902777775682,2.40562500002096,3.444
227,7.939310344186209,91.47517241372412,725,3.848275861144826,725,23.98620689595055,84.60965517278379,0.0,32.53724138522972,27.51724138030462,3.3295172411157137,1029.344827482156,5.99902777775682,2.40562500002096,3.444
228,10.705517241186213,95.89517241213794,725,4.266206894896546,725,24.006206896597988,85.52137931422946,0.0,27.882068965124166,27.93379310455816,3.148896550838546,1028.400000112144,5.86163194464236,2.6051562500227,3.7884
229,11.506206896827594,92.85655172241384,725,8.91931034397241,725,24.87310344809088,85.52068966058307,0.21586207051472414,28.531724137283614,28.45517241469488,3.301586205592444,1020.1310342478345,5.86163194464236,2.6051562500227,3.7884
